{
    "test": {
        "corr": -0.8521835207939148,
        "dynamic_loss": 0.002795699460647913,
        "final_loss": 0.002765522035801407,
        "loss": 0.008978051393594822,
        "mae": 2.0418102741241455,
        "minmax_loss": 0.00016207339036636276,
        "mse": 15.852940559387207,
        "r2": 0.8472349474822146,
        "rrse": 0.4093613624572754,
        "static_loss": 0.003416829769846276
    },
    "train": {
        "corr": -0.8962635397911072,
        "dynamic_loss": 0.0011858193501393922,
        "final_loss": 0.001083558868770197,
        "loss": 0.0034641431617336064,
        "mae": 1.3925549983978271,
        "minmax_loss": 0.0001625784160749189,
        "mse": 6.26488733291626,
        "r2": 0.9296664920702743,
        "rrse": 0.2757558822631836,
        "static_loss": 0.001194764940372429
    },
    "valid": {
        "corr": -0.8557138442993164,
        "dynamic_loss": 0.0020220099294874713,
        "final_loss": 0.0018835630061727086,
        "loss": 0.006071492206945511,
        "mae": 1.7388932704925537,
        "minmax_loss": 0.0001621402804562821,
        "mse": 10.867993354797363,
        "r2": 0.8872779615654869,
        "rrse": 0.3491297960281372,
        "static_loss": 0.0021659192026493323
    }
}