{
    "test": {
        "corr": -0.859314501285553,
        "dynamic_loss": 0.0022420226671388075,
        "final_loss": 0.0022567773163089783,
        "loss": 0.006802017421115324,
        "mae": 1.9751927852630615,
        "minmax_loss": 0.00018180215079770926,
        "mse": 12.947854995727539,
        "r2": 0.8752295327500524,
        "rrse": 0.3699566423892975,
        "static_loss": 0.0023032174158997276
    },
    "train": {
        "corr": -0.8885334730148315,
        "dynamic_loss": 0.0012570104013765102,
        "final_loss": 0.0012424088321420254,
        "loss": 0.0037457730195442486,
        "mae": 1.4680949449539185,
        "minmax_loss": 0.0001815838851902944,
        "mse": 7.181538105010986,
        "r2": 0.9193757734526069,
        "rrse": 0.29524096846580505,
        "static_loss": 0.0012463537766981864
    },
    "valid": {
        "corr": -0.8561276793479919,
        "dynamic_loss": 0.0017549626058528428,
        "final_loss": 0.001751568621059701,
        "loss": 0.005275609051075347,
        "mae": 1.7200298309326172,
        "minmax_loss": 0.0001816959704420624,
        "mse": 10.104681015014648,
        "r2": 0.8951951080887464,
        "rrse": 0.33664608001708984,
        "static_loss": 0.0017690778222525232
    }
}