{
    "test": {
        "corr": -0.7950639128684998,
        "dynamic_loss": 0.023485834597997423,
        "final_loss": 0.0237751545452506,
        "loss": 0.0716271075475825,
        "mae": 5.893733501434326,
        "minmax_loss": 0.00027802578393662226,
        "mse": 116.30384063720703,
        "r2": 0.8083582340997411,
        "rrse": 0.462013304233551,
        "static_loss": 0.024366118300461422
    },
    "train": {
        "corr": -0.7669245600700378,
        "dynamic_loss": 0.01377239543167783,
        "final_loss": 0.01366207204337777,
        "loss": 0.04115143584457099,
        "mae": 4.178296089172363,
        "minmax_loss": 0.0002593914454973226,
        "mse": 66.8155288696289,
        "r2": 0.8241428928110581,
        "rrse": 0.4395608603954315,
        "static_loss": 0.013716968466461808
    },
    "valid": {
        "corr": -0.7530331611633301,
        "dynamic_loss": 0.018628167448444668,
        "final_loss": 0.01852037257667668,
        "loss": 0.05578477451902903,
        "mae": 4.876364231109619,
        "minmax_loss": 0.00027918349630395097,
        "mse": 90.54448699951172,
        "r2": 0.7766291124513176,
        "rrse": 0.49996575713157654,
        "static_loss": 0.018636234537402024
    }
}