{
    "test": {
        "corr": -0.7924858927726746,
        "dynamic_loss": 0.028532957791411965,
        "final_loss": 0.024925467719453094,
        "loss": 0.07747958463908983,
        "mae": 6.431445121765137,
        "minmax_loss": 6.657288008901447e-05,
        "mse": 121.9239730834961,
        "r2": 0.7990973970362037,
        "rrse": 0.4730444848537445,
        "static_loss": 0.024021159763971383
    },
    "train": {
        "corr": -0.7710515260696411,
        "dynamic_loss": 0.013454619611367435,
        "final_loss": 0.01320578070199438,
        "loss": 0.04046042177623262,
        "mae": 4.1598920822143555,
        "minmax_loss": 6.808017403004954e-05,
        "mse": 64.58477783203125,
        "r2": 0.8300141302312938,
        "rrse": 0.4321608543395996,
        "static_loss": 0.013800021494409466
    },
    "valid": {
        "corr": -0.7528696060180664,
        "dynamic_loss": 0.019483448362322627,
        "final_loss": 0.018706015105127104,
        "loss": 0.057423446525347144,
        "mae": 4.7861409187316895,
        "minmax_loss": 6.509417472277418e-05,
        "mse": 91.44453430175781,
        "r2": 0.7744089030589646,
        "rrse": 0.5024445652961731,
        "static_loss": 0.019233983599401955
    }
}